{
  "train": {
    "mae": 2.374671310334615,
    "rmse": 3.297184070100771,
    "spearman": 0.814345745313944
  },
  "val": {
    "mae": 3.083917635514704,
    "rmse": 4.405538132298151,
    "spearman": 0.6606575682328083
  },
  "test": {
    "mae": 2.793386731697803,
    "rmse": 3.932993260851073,
    "spearman": 0.7248068824882337
  }
}