grid_bucket,abs_error
1-5,2.243479972119522
6-10,2.568801672776509
11-15,3.0091799937135795
16-20,3.2911257202638926
