{
  "baseline_grid": {
    "train": {
      "mae": 2.4769874476987446,
      "rmse": 3.6258024649233653,
      "spearman": 0.800992542383635
    },
    "val": {
      "mae": 3.25,
      "rmse": 4.944694126030447,
      "spearman": 0.6323308270676691
    },
    "test": {
      "mae": 3.4,
      "rmse": 5.024937810560445,
      "spearman": 0.6236152395118502
    }
  },
  "ridge": {
    "train": {
      "mae": 2.374671310334615,
      "rmse": 3.297184070100771,
      "spearman": 0.814345745313944
    },
    "val": {
      "mae": 3.083917635514704,
      "rmse": 4.405538132298151,
      "spearman": 0.6606575682328083
    },
    "test": {
      "mae": 2.793386731697803,
      "rmse": 3.932993260851073,
      "spearman": 0.7248068824882337
    }
  },
  "random_forest": {
    "train": {
      "mae": 0.9760529986052999,
      "rmse": 1.3601280636781357,
      "spearman": 0.9771239088267915
    },
    "val": {
      "mae": 3.2720833333333332,
      "rmse": 4.626719590235253,
      "spearman": 0.6174650609293557
    },
    "test": {
      "mae": 2.6991666666666667,
      "rmse": 3.7210461118705136,
      "spearman": 0.7453654509722284
    }
  }
}